<?xml version="1.0" ?>
<note>
    <book>
        <book1>
            <name> The Secret</name>
            <author> Ryaan Richard </author>
            <Date> 13/05/2002</Date>
            <Price> 999</Price>
        </book1>
        <book2>
            <name>The Richest man in Babylon </name>
            <author> George Claso </author>
            <Date> 15/07/2010</Date>
            <Price> 299</Price>
        </book2>
        <book3>
            <name>The Richest man in Babylon </name>
            <author> George Claso </author>
            <Date> 15/07/2010</Date>
            <Price> 299</Price>
        </book3>
    </book>
</note>